param1,param2
1.6391309218181773,1.8767856418122
1.2723228641467639,2.0764441471262636
1.3991061280533934,2.277231579663434
1.748959030833047,1.6640101795826447
1.5788768333335665,2.1119445784990414
1.4089977069250863,1.7958698367105295
1.7050949965264848,1.8322890242885739
1.7596029280076229,1.6959991936406604
1.8322336447509069,1.6321489606482569
1.8125681402771612,1.6995604403037732
1.5955077865872298,2.0424772177597417
1.6250311810066753,1.604705262919817
1.5558560821509064,1.6823065927399292
1.671542098017806,1.6031299462692983
1.4472615584429929,1.9729978574238625
1.7284345021695984,1.8065284397231207
1.618796438090148,1.9563397578792223
1.4475525339347863,1.987216148861545
1.381140385992475,2.0248771866026205
1.606134108184201,2.022423436538224
1.4130070967918225,1.7209368882226213
1.5730325419167719,1.7934684435309096
1.6565036194287528,1.835002071731388
1.491683249670568,1.8655649329724506
1.2621905249078436,2.202221081696816
1.7873308944897177,1.6488362103137306
1.7204864621309421,1.6537410162322863
1.3777008972011526,2.029130035008861
1.4561019270475821,1.8096926931920738
1.7290532802383418,1.755842178897368
1.3009631795869572,2.117821895737743
1.4389822097333798,1.9277577343475962
1.3947186348168843,1.9011770394223402
1.2128569166445762,2.3415609316457795
1.2884905014988604,2.2391717933610025
1.5554310642398388,1.8613291969210821
1.3224742128330846,2.0487601723548785
1.4642124772841898,1.713209340755006
1.6347238203786734,1.7270868716358938
1.6959954155404569,1.932258848501301
1.6370249042603362,2.053755536581835
1.5246786267729966,2.1634439612019096
1.1913245828777987,2.343225788832438
1.5943005654400415,2.031851728095699
1.3743453107156558,2.1072160149237282
1.4268468849269857,1.7321517503212311
1.6121454436209859,1.647506678895609
1.513729652617775,1.7220295028752277
1.6497392467027043,1.8209601414185799
1.465572654996854,2.1258048336133397
1.6049126113935113,1.9961154890948531
1.7605685521180476,1.7774886555833032
1.39668114465895,1.954158826496452
1.42216939172897,1.8311848301174825
1.4276359903881455,1.9954747906846722
1.5988340406518615,1.5962096035152256
1.4836406266468847,2.2393493190571534
1.4650273903911355,1.6071859485881377
1.5019788697662766,2.115545006297807
1.3137124047587854,2.239732961641705
1.4349648218821136,2.118337636730309
1.3472460051641306,1.8876001959126305
1.4844506040838872,2.146534412435207
1.1983005584012898,2.355982492080444
1.393639689932726,1.9708520352947292
1.256387502950514,2.2682722692663697
1.4021530784547056,1.7945034627227212
1.431387636590681,1.8181180837630078
1.638685891770864,2.042855496188797
1.6376471329199878,2.0764721545130405
1.7515351936927213,1.677474344663592
1.5206906204102553,2.2127895263327644
1.4605739043837325,2.1831431808286714
1.5303311773683508,2.192034246759763
1.6670615408108274,1.7136351149802977
1.3620095865887567,1.8908054739766107
1.3727681305952877,2.2278132268151376
1.3378421676819305,2.093522016630529
1.4177056182510033,2.2029448993066096
1.5156105758006608,1.9511099899649595
1.4947272944732142,2.019302173903485
1.4321500572577919,1.8760429441530988
1.6569270966087266,1.8693348832459726
1.167185028703555,2.425087994912178
1.8653478662658538,1.6056681173571976
1.4246167199037163,2.0275078188024107
1.4929313852487023,1.7359406293838022
1.5315816197621421,1.7822390904421392
1.2249929379679534,2.2369585257889213
1.6624995326612833,1.58659857719572
1.452084899887173,2.1721116086264
1.600644322757484,1.6585396188194537
1.551368138552174,1.9332129744697577
1.3778718146173938,1.9079814803479684
1.6919420496328572,1.878411222067869
1.4227924368109783,2.2365211213750564
1.416624831658146,1.932721697474484
1.232444080283353,2.3518255868122724
1.432434813967765,1.9587630073874582
1.6725731527789787,1.9256890150977861
1.5882196488751714,1.793272663093262
1.366971885105988,1.9132141459222662
1.3426013341599803,1.9093760357158664
1.3096582951892173,2.0293493692921643
1.7563074009339938,1.7471366839405567
1.3127525891875558,2.1383529078100434
1.2272528859671725,2.3610105191606388
1.7039735967963314,1.7737793192288438
1.6116469921534295,1.7890621101889084
1.6507571915222807,1.882414897346688
1.420841590850646,2.1026727501273594
1.5800384704177595,1.8904715759420971
1.7385123709779244,1.6208703405146299
1.4377494671280175,2.0824486945728164
1.3396638180971694,2.2759245518027273
1.2100242315850238,2.3839810276987548
1.2842196617442885,2.0857777791627963
1.4987841349159492,2.2322812803776815
1.4780564151081124,1.82721382867428
1.2696592133161364,2.274273189141012
1.3348650195687264,2.1533422845218353
1.6114749274245084,2.006200113489883
1.5191864654375147,1.5990539606765102
1.446776309893647,1.8790942043069052
1.7301169653913993,1.828947807354826
1.629887318930109,2.0462084420392603
1.334569078517049,2.102230912838923
1.635469211223374,1.9300214381607947
1.6367854085159883,1.6595855086288518
1.4554324305744517,2.143317652824343
1.2495412196470874,2.1672458831060015
1.6355747344490124,1.6650879471246185
1.4797505802375004,1.778071327002626
1.2697307802429139,2.289448446925588
1.4494250705498488,1.9862087059497626
1.436199150060677,1.7223877660434082
1.2999565446261168,2.185812606391173
1.44195724897419,2.2172935406424092
1.296369652572554,2.0402838567623434
1.6301451581263025,1.723050992304386
1.2133356106038784,2.2431172273858566
1.6314510083833356,2.0076525250952897
1.5997813071326843,1.582525963840118
1.2138943726983387,2.2389739601454046
1.2750707228291964,2.0816201164984043
1.2854964428502296,2.22217391831873
1.3248976996141635,2.0343554852398027
1.7721393978836235,1.6048796349333583
1.5771425110466135,1.9401677203626722
1.4435441793805075,2.041253407911052
1.56364758263906,1.759577243157103
1.4555768937840758,1.7028250421439175
1.5789377602930907,1.8206537630130866
1.5768299610272343,1.7082992196268736
1.5804723939867764,1.867933936491271
1.3722508187841687,2.0228609254994225
1.6962230744026487,1.9330917353142185
1.2504642139084117,2.317112759302574
1.3838964589612823,1.9821125410245153
1.5745121970464961,1.7194265019272543
1.5784744915149742,1.741273358045644
1.3757211130553828,2.1655834152721827
1.6218669443795326,1.6635942031717916
1.5093704053533235,2.0644903349782577
1.4932394757467324,1.8520625052026969
1.6441218173552394,1.7265328491913512
1.423149282049711,1.8384901313044915
1.696731009487778,1.8539481234297068
1.589649063679971,1.7175755879728931
1.5575641302308365,1.6713644822125067
1.4552319877563065,1.8456382720871678
1.6032697521384933,1.956604813561588
1.534195617094701,1.6162520436161003
1.3104034945857674,2.278730810464437
1.3442893068060346,2.3046928234274544
1.3820389280022773,2.19645332863414
1.7571169281173802,1.748764998871084
1.718998443794184,1.6989144368720697
1.3475215093758284,1.9766807565879083
1.4235367659367972,2.2120051111488026
1.3661935565985195,1.998313784343809
1.3528847320039248,2.1159968898963495
1.266940167733611,2.176724229139685
1.3857191678289562,2.080524305407884
1.1858719300201692,2.312953022008192
1.3203528376707383,2.1247427953372817
1.5626400118947514,2.069690025673335
1.5079254571813718,1.5853493607275002
1.336238485698006,2.069346936744174
1.3322178575764823,2.227240549345151
1.1498296734698705,2.4421914849281436
1.4162431375147975,1.9732081799701158
1.7077641584392302,1.7578105782583302
1.6138744069399313,1.6307633986129977
1.7067861779352331,1.6139705018842123
1.662852636674866,1.9196212254231162
1.4378126292494806,2.0385928741661856
1.5636757739877283,1.9694872055145962
1.4881291621881068,1.7488881082524326
1.4955675072336565,2.146082850423235
1.3080565905922723,2.3255034019317984
1.5968841477556548,2.0142488975181108
1.3797925706964267,1.9101238371380622
1.4648123379229292,2.1490374836182866
1.5463146410449693,1.572157848340962
1.5816919293867464,2.0441116149432643
1.8023968112717381,1.646799601188854
1.3517866687174085,1.920560696973829
1.460225719118788,1.842263477201345
1.5125337672984476,1.9545203232344959
1.674884783312626,1.6158343544956464
1.486774861089819,1.6482028214434297
1.5940874973097832,2.17708817184514
1.5319964924925762,1.6566638101364872
1.6380814065709457,1.703629427407803
1.2928281598116274,2.1885787121482476
1.3422302884050352,2.134953050311668
1.2842052425034027,2.339107166576093
1.5290630780467604,2.200778713788335
1.4260676976186972,2.0480489720798554
1.6148270530354452,1.6447947890106005
1.5116657128663167,1.6492168336075372
1.5902431044096053,1.8548887184795282
1.5702520777481896,1.9291500734103555
1.5298701086657294,2.0004376482362307
1.4048684028157723,2.202406191577837
1.2518123212964232,2.3324838214751082
1.4404686263273834,1.8026137774071327
1.505277969475096,2.014494059612878
1.475652032117903,1.8122013623307662
1.7142631759872928,1.6950043519358715
1.5394314131825317,2.162721716090981
1.3299947145273698,2.2688598294352484
1.2909964591281327,2.0833864825723767
1.504437005741152,2.074264435294717
1.6278778870292092,1.7483709337319437
1.3243357587674558,2.1620572471759365
1.504733266411638,1.8571386425257426
1.5836225204570038,2.0986265386978484
1.2044205324669615,2.2607663840748073
1.6023698288198842,2.1604191399545565
1.4482565239108727,1.7169918529097445
1.395051796616137,2.2717905307917223
1.614103892471355,1.9217627602152005
1.6429775296536167,1.900137701178767
1.347646728699354,2.303116445831533
1.63584583618,1.6841127778044405
1.490702527414518,1.704876604830178
1.4403083836710406,1.86752990200676
1.4802142132842913,1.6749835010830947
1.3309571996895961,2.308209220875126
1.7948113970045174,1.6912367473344707
1.7079391120037044,1.6241866169658579
1.3713024192010508,1.9509302714527021
1.6153179155056487,1.7778124657629988
1.385854931448607,1.8599463102558835
1.609222427076017,1.6881958653069296
1.6018060395056504,2.058725630868871
1.6070557224975635,2.029541464889286
1.4578360206723926,1.840713115830718
1.632064995957888,1.6649346482951917
1.5002009048464517,2.070227413960767
1.3920830251742917,2.128382197034272
1.3515960539042742,1.950329079686242
1.242685702617856,2.1806858473201207
1.2084502227206446,2.298308977779122
1.6051827340461464,1.8129556077660223
1.5505500862312385,1.8968278267638017
1.4525787975184814,1.9851594246965034
1.3865319697332106,2.049250117602869
1.5176855490723056,2.070829591361095
1.3644690811845068,1.9612457191389971
1.2352354701540942,2.3203596534717903
1.4611285159635292,1.6449988388501484
1.5154624078805947,1.8355943178946867
1.4539519932624545,1.7820296150669643
1.746528495420675,1.8283906504269
1.2766854451965097,2.231047552289408
1.450172494393084,1.6916610360432276
1.4530445117019726,2.220944993510375
1.494522607764217,1.809856594020344
1.675338637308315,1.936173708303708
1.6228150826056946,1.7187657318120295
1.692009101389712,1.9479965264793042
1.2992147599184465,2.2753522757910742
1.5569530567020002,1.875307268294482
1.4820728715243452,1.6662577330202435
1.7860640858435424,1.7341646560834487
1.5414358301416793,1.8557968309413369
1.7678036410195312,1.7478613331606028
1.6039000844677362,2.101760281598317
1.6470451742925745,1.8768735727502517
1.5189196297695737,2.05014966784654
1.7938970448045242,1.6187212963852433
1.3047203587223497,2.069124576181964
1.5748199003695418,1.6622310657996895
1.5220102885126623,1.9721652370719505
1.641974523737078,2.030482215543275
1.5160957653224627,2.1220671032277867
1.5523674405313548,1.6231638495170047
